Abilene,TX
Akron,OH
Albuquerque,NM
Alexandria,VA
Allen,TX
Allentown,PA
Amarillo,TX
Anaheim,CA
Anchorage,AK
Ann Arbor,MI
Antioch,CA
Arlington,VA
Arlington,TX
Arvada,CO
Athens ,GA
Atlanta,GA
Augusta ,GA
Aurora,CO
Aurora,IL
Austin,TX
Bakersfield,CA
Baltimore,MD
Baton Rouge,LA
Beaumont,TX
Bellevue,WA
Bend,OR
Berkeley,CA
Billings,MT
Birmingham,AL
Boise City,ID
Boston,MA
Boulder,CO
Brandon,FL
Bridgeport,CT
Brockton,MA
Broken Arrow,OK
Brownsville,TX
Buckeye,AZ
Buffalo,NY
Burbank,CA
Cambridge,MA
Cape Coral,FL
Carlsbad,CA
Carmel,IN
Carrollton,TX
Cary,NC
Cedar Rapids,IA
Centennial,CO
Chandler,AZ
Charleston,SC
Charlotte,NC
Chattanooga,TN
Chesapeake,VA
Chicago,IL
Chico,CA
Chula Vista,CA
Cincinnati,OH
Clarksville,TN
Clearwater,FL
Cleveland,OH
Clovis,CA
College Station,TX
Colorado Springs,CO
Columbia,MD
Columbia,SC
Columbia,MO
Columbus,GA
Columbus,OH
Concord,CA
Concord,NC
Coral Springs,FL
Corona,CA
Corpus Christi,TX
Costa Mesa,CA
Dallas,TX
Daly City,CA
Davenport,IA
Davie,FL
Dayton,OH
Dearborn,MI
Denton,TX
Denver,CO
Des Moines,IA
Detroit,MI
Downey,CA
Durham,NC
East Los Angeles,CA
Edinburg,TX
Edison,NJ
El Cajon,CA
Elgin,IL
Elizabeth,NJ
Elk Grove ,CA
El Monte,CA
El Paso,TX
Enterprise,NV
Escondido,CA
Eugene,OR
Evansville,IN
Everett,WA
Fairfield,CA
Fargo,ND
Fayetteville,NC
Fishers,IN
Fontana,CA
Fort Collins,CO
Fort Lauderdale,FL
Fort Wayne,IN
Fort Worth,TX
Fremont,CA
Fresno,CA
Frisco,TX
Fullerton,CA
Gainesville,FL
Garden Grove,CA
Garland,TX
Gilbert,AZ
Glendale,AZ
Glendale,CA
Goodyear,AZ
Grand Prairie,TX
Grand Rapids,MI
Greeley,CO
Green Bay,WI
Greensboro,NC
Gresham,OR
Hampton,VA
Hartford,CT
Hayward,CA
Henderson,NV
Hesperia,CA
Hialeah,FL
Highlands Ranch,CO
High Point,NC
Hillsboro,OR
Hollywood,FL
Honolulu (Urban Honolulu CDP),HI
Houston,TX
Huntington Beach,CA
Huntsville,AL
Independence,MO
Indianapolis,IN
Inglewood,CA
Irvine,CA
Irving,TX
Jackson,MS
Jacksonville,FL
Jersey City,NJ
Joliet,IL
Jurupa Valley,CA
Kansas City,KS
Kansas City,MO
Kent,WA
Killeen,TX
Knoxville,TN
Lafayette,LA
Lakeland,FL
Lakewood,CO
Lancaster,CA
Lansing,MI
Laredo,TX
Las Cruces,NM
Las Vegas,NV
League City,TX
Lee's Summit,MO
Lehigh Acres,FL
Lewisville,TX
Lexington,KY
Lincoln,NE
Little Rock,AR
Long Beach,CA
Longmont,CO
Los Angeles,CA
Louisville,KY
Lowel+A175:A184l,MA
Lubbock,TX
Lynn,MA
Macon,GA
Madison,WI
Manchester,NH
McAllen,TX
McKinney,TX
Memphis,TN
Menifee,CA
Meridian,ID
Mesa,AZ
Mesquite,TX
Metairie,LA
Miami,FL
Miami Gardens (Carol City - Norland),FL
Midland,TX
Milwaukee,WI
Minneapolis,MN
Miramar,FL
Mobile,AL
Modesto,CA
Montgomery,AL
Moreno Valley,CA
Murfreesboro,TN
Murrieta,CA
Nampa,ID
Naperville,IL
Nashville (- Davidson),TN
Newark,NJ
New Bedford,MA
New Haven,CT
New Orleans,LA
Newport News,VA
New York,NY
Norfolk,VA
Norman,OK
North Charleston,SC
North Las Vegas,NV
Norwalk,CA
Oakland,CA
Oceanside,CA
Odessa,TX
Oklahoma City,OK
Olathe,KS
Omaha,NE
Ontario,CA
Orange,CA
Orlando,FL
Overland Park,KS
Oxnard,CA
Palm Bay,FL
Palmdale,CA
Paradise,NV
Pasadena,CA
Pasadena,TX
Paterson,NJ
Pearland,TX
Pembroke Pines,FL
Peoria,IL
Peoria,AZ
Philadelphia,PA
Phoenix,AZ
Pittsburgh,PA
Plano,TX
Pomona,CA
Pompano Beach,FL
Portland,OR
Port St. Lucie,FL
Providence,RI
Provo,UT
Pueblo,CO
Quincy,MA
Raleigh,NC
Rancho Cucamonga,CA
Reno,NV
Renton,WA
Rialto,CA
Richardson,TX
Richmond,CA
Richmond,VA
Rio Rancho,NM
Riverside,CA
Riverview,FL
Rochester,MN
Rochester,NY
Rockford,IL
Roseville,CA
Round Rock,TX
Sacramento,CA
Salem,OR
Salinas,CA
Salt Lake City,UT
San Antonio,TX
San Bernardino,CA
San Buenaventura (Ventura),CA
San Diego,CA
Sandy Springs,GA
San Francisco,CA
San Jose,CA
San Mateo,CA
Santa Ana,CA
Santa Clara,CA
Santa Clarita,CA
Santa Maria,CA
San Tan Valley,AZ
Santa Rosa,CA
Savannah,GA
Scottsdale,AZ
Seattle,WA
Shreveport,LA
Simi Valley,CA
Sioux Falls,SD
South Bend,IN
South Fulton,GA
Sparks,NV
Spokane,WA
Spokane Valley,WA
Springfield,IL
Springfield,MA
Springfield,MO
Spring Hill,FL
Spring Valley,NV
St. Louis,MO
St. Paul,MN
St. Petersburg,FL
Stamford,CT
Sterling Heights,MI
Stockton,CA
Sugar Land,TX
Sunnyvale,CA
Sunrise Manor,NV
Surprise,AZ
Syracuse,NY
Tacoma,WA
Tallahassee,FL
Tampa,FL
Temecula,CA
Tempe,AZ
The Woodlands,TX
Thornton,CO
Thousand Oaks,CA
Toledo,OH
Topeka,KS
Torrance,CA
Tucson,AZ
Tulsa,OK
Tuscaloosa,AL
Tyler,TX
Vacaville,CA
Vallejo,CA
Vancouver,WA
Victorville,CA
Virginia Beach,VA
Visalia,CA
Waco,TX
Warren,MI
Washington,DC
Waterbury,CT
West Covina,CA
West Jordan,UT
Westminster,CO
West Palm Beach,FL
West Valley City,UT
Wichita,KS
Wichita Falls,TX
Wilmington,NC
Winston-Salem,NC
Worcester,MA
Yonkers,NY+A330A93AA1:B344
